0	1
5-FU	map00983
5-FU	map07041
6-MERCAPTOPURINE	map07041
ABACAVIR	map07044
ABACAVIR	map07053
ABATACEPT	map07050
ABCIXIMAB	map07049
ACARBOSE	map07051
ACEMETACIN	map07219
ACEPROMAZINE	map07029
ACETAMINOPHEN	map07048
ACETATE	map07225
ACETAZOLAMIDE	map07017
ACETAZOLAMIDE	map07033
ACETAZOLAMIDE	map07054
ACETAZOLAMIDE	map07055
ACETOHEXAMIDE	map07018
ACETYLCHOLINE	map07220
ACETYLDIGITOXIN	map07233
ACITRETIN	map07223
ACLARUBICIN	map07042
ACRIVASTINE	map07212
ACTINOMYCIN	map04976
ACTINOMYCIN	map07042
ACTINOMYCIN	map07046
ACYCLOVIR	map07044
ADALIMUMAB	map07050
ADAPALENE	map07223
ADEFOVIR	map07044
ADO-TRASTUZUMAB EMTANSINE	map07045
AFATINIB	map07045
AJMALINE	map07231
ALENDRONATE	map07047
ALFACALCIDOL	map07047
ALFENTANIL	map07039
ALFENTANIL	map07224
ALISKIREN	map07217
ALITRETINOIN	map07223
ALLOPURINOL	map04976
ALMOTRIPTAN	map07048
ALOGLIPTIN	map07051
ALPRAZOLAM	map07030
ALPRAZOLAM	map07230
ALPRENOLOL	map07037
ALPRENOLOL	map07214
ALPROSTADIL	map07035
ALPROSTADIL	map07228
ALUMINUM	map07222
ALUMINUM ASPIRIN	map07049
ALUMINUM HYDROXIDE	map07038
ALUMINUM SILICATE	map07038
ALVIMOPAN	map07224
AMANTADINE	map07044
AMANTADINE	map07057
AMANTADINE	map07235
AMBENONIUM	map07220
AMBRISENTAN	map07229
AMBROXOL	map07231
AMCINONIDE	map07225
AMDINOCILLIN PIVOXIL	map07011
AMIKACIN	map07021
AMINOGLUTETHIMIDE	map07032
AMINOGLUTETHIMIDE	map07043
AMINOPTERIN	map01523
AMINOPTERIN	map07041
AMIODARONE	map05320
AMIODARONE	map07037
AMIODARONE	map07231
AMIODARONE	map07232
AMITRIPTYLINE	map07027
AMITRIPTYLINE	map07048
AMITRIPTYLINE	map07234
AMLODIPINE	map07036
AMOBARBITAL	map07032
AMOBARBITAL	map07230
AMOROLFINE	map07026
AMOXAPINE	map07027
AMOXAPINE	map07028
AMOXAPINE	map07234
AMOXICILLIN	map07011
AMPHOTERICIN	map07026
AMPHOTERICIN B	map07026
AMPICILLIN	map07011
AMPRENAVIR	map07053
AMPRENAVIR	map07218
ANASTROZOLE	map01522
ANASTROZOLE	map07043
ANIDULAFUNGIN	map07026
ANTITHROMBIN III	map07049
APIXABAN	map07049
APOMORPHINE	map07057
APOMORPHINE	map07213
APRACLONIDINE	map07054
APRINDINE	map07037
APRINDINE	map07231
ARBEKACIN	map07021
ARGATROBAN	map07049
ARIPIPRAZOLE	map07213
ASPARTATE	map07047
ASPIRIN	map07048
ASPIRIN	map07049
ASPIRIN	map07110
ASPIRIN	map07219
ASTEMIZOLE	map07212
ASUNAPREVIR	map07044
ATAZANAVIR	map07053
ATAZANAVIR	map07218
ATENOLOL	map07037
ATENOLOL	map07048
ATENOLOL	map07214
ATOMOXETINE	map07234
ATORVASTATIN	map07024
ATRACURIUM	map07221
ATROPINE	map07220
AURANOFIN	map07050
AUROTHIOMALATE	map07050
AXITINIB	map07045
AZACITIDINE	map07041
AZATADINE	map07212
AZATHIOPRINE	map00983
AZATHIOPRINE	map07046
AZATHIOPRINE	map07050
AZELASTINE	map07212
AZITHROMYCIN	map07020
AZOSEMIDE	map07017
AZOSEMIDE	map07233
AZTREONAM	map04976
AZTREONAM	map07012
BACAMPICILLIN	map07011
BACITRACIN	map01503
BARBITAL	map07032
BARBITAL	map07230
BAZEDOXIFENE	map07047
BECLOMETHASONE	map07225
BEMIPARIN	map07049
BENAZEPRIL	map07217
BENDROFLUMETHIAZIDE	map07017
BENOXINATE	map07015
BENPERIDOL	map07031
BENSERAZIDE	map07057
BENZOATE	map07015
BENZOATE	map07110
BENZOATE	map07231
BENZOCAINE	map07015
BENZOCAINE	map07110
BENZOCAINE	map07231
BENZTHIAZIDE	map07017
BENZTROPINE	map07057
BENZTROPINE	map07220
BEPOTASTINE	map07212
BEPRIDIL	map07036
BEPRIDIL	map07037
BEPRIDIL	map07231
BETAMETHASONE	map07225
BETAXOLOL	map07054
BETHANECHOL	map07220
BEXAROTENE	map07223
BEZAFIBRATE	map07222
BICALUTAMIDE	map07043
BICALUTAMIDE	map07226
BICARBONATE	map07038
BIFONAZOLE	map07026
BIMATOPROST	map07035
BIMATOPROST	map07054
BIMATOPROST	map07228
BIPERIDEN	map07057
BIPERIDEN	map07220
BISOPROLOL	map07214
BIVALIRUDIN	map07049
BLEOMYCIN	map07042
BOSENTAN	map07229
BOSUTINIB	map07045
BRETYLIUM	map07037
BRETYLIUM	map07232
BRIMONIDINE	map07054
BRINZOLAMIDE	map07054
BRIVUDINE	map07044
BROMAZEPAM	map07230
BROMOCRIPTINE	map07057
BROMOCRIPTINE	map07213
BROMPERIDOL	map07031
BROMPHENIRAMINE	map07212
BROTIZOLAM	map07032
BROTIZOLAM	map07230
BUCLIZINE	map07212
BUMETANIDE	map04976
BUMETANIDE	map07017
BUMETANIDE	map07233
BUNAZOSIN	map07054
BUNAZOSIN	map07215
BUPIVACAINE	map07231
BUPRENORPHINE	map07039
BUPRENORPHINE	map07224
BUSCOPAN	map07038
BUSCOPAN	map07220
BUSPIRONE	map07030
BUSPIRONE	map07211
BUSULFAN	map07040
BUTENAFINE	map07026
BUTENAFINE	map07114
BUTOCONAZOLE	map07026
BUTORPHANOL	map07039
BUTORPHANOL	map07224
BUTYLSCOPOLAMINE	map07038
BUTYLSCOPOLAMINE	map07220
CABERGOLINE	map07057
CALCITONIN	map07047
CALCITRIOL	map07047
CALCIUM ASPARTATE	map07047
CALCIUM CARBONATE	map07038
CALCIUM CARBONATE, PRECIPITATED	map07038
CALCIUM PHOSPHATE	map07047
CALCIUM PHOSPHATE DIBASIC	map07047
CANAGLIFLOZIN	map07051
CANCIDAS	map07026
CANDESARTAN	map07229
CANRENOATE	map07225
CANRENONE	map07225
CAPECITABINE	map00983
CAPECITABINE	map07041
CAPTOPRIL	map07217
CARBACHOL	map07054
CARBACHOL	map07220
CARBAMAZEPINE	map00982
CARBAMAZEPINE	map07033
CARBAMAZEPINE	map07231
CARBENICILLIN	map07011
CARBINOXAMINE	map07212
CARBOPLATIN	map01524
CARBOPLATIN	map07040
CARBOPROST	map07035
CARBOPROST	map07228
CARISOPRODOL	map07030
CARMUSTINE	map07040
CARTEOLOL	map07054
CARVEDILOL	map07215
CAS	map07043
CAS	map07226
CASPOFUNGIN	map07026
CEFACLOR	map07013
CEFADROXIL	map07013
CEFAZOLIN	map07012
CEFDINIR	map07013
CEFDITOREN	map07013
CEFIXIME	map07013
CEFMETAZOLE	map07012
CEFODIZIME	map07012
CEFOPERAZONE	map07012
CEFOTAXIME	map07012
CEFOTETAN	map07012
CEFOTIAM	map07012
CEFOTIAM	map07013
CEFOXITIN	map07012
CEFPODOXIME	map07013
CEFPROZIL	map07013
CEFTAZIDIME	map07012
CEFTIBUTEN	map07013
CEFTIZOXIME	map07012
CEFTIZOXIME	map07013
CEFTRIAXONE	map07012
CEFUROXIME	map07012
CELECOXIB	map07112
CELECOXIB	map07219
CEPHALEXIN	map07013
CEPHALORIDINE	map07012
CEPHALOTHIN	map07012
CEPHRADINE	map07013
CERIVASTATIN	map07024
CERTOLIZUMAB PEGOL	map07050
CETIRIZINE	map07212
CETUXIMAB	map07045
CHLORAMBUCIL	map07040
CHLORCYCLIZINE	map07212
CHLORDIAZEPOXIDE	map07030
CHLORDIAZEPOXIDE	map07230
CHLORMADINONE	map07043
CHLORMADINONE	map07225
CHLORMADINONE	map07226
CHLOROTHIAZIDE	map04976
CHLOROTHIAZIDE	map07017
CHLOROTHIAZIDE	map07233
CHLORPHENIRAMINE	map07212
CHLORPHENOXAMINE	map07212
CHLORPROMAZINE	map07028
CHLORPROMAZINE	map07029
CHLORPROMAZINE	map07048
CHLORPROMAZINE	map07212
CHLORPROMAZINE	map07213
CHLORPROPAMIDE	map07018
CHLORPROTHIXENE	map07028
CHLORTETRACYCLINE	map07019
CHLORTHALIDONE	map07017
CHLORTHALIDONE	map07233
CHOLESTYRAMINE RESIN	map07052
CHOLINE	map07221
CIDOFOVIR	map07044
CIFENLINE	map07231
CILAZAPRIL	map07217
CILOSTAZOL	map07049
CIMETIDINE	map04976
CIMETIDINE	map07038
CIMETIDINE	map07227
CINNARIZINE	map07036
CINOXACIN	map07014
CIPROFIBRATE	map07222
CIPROFLOXACIN	map04976
CIPROFLOXACIN	map07014
CISAPRIDE	map07211
CISAPRIDE	map07213
CISPLATIN	map01524
CISPLATIN	map07040
CITALOPRAM	map07027
CITALOPRAM	map07234
CITRATE	map07220
CLADRIBINE	map07041
CLARITHROMYCIN	map07020
CLAVULANATE	map07011
CLEBOPRIDE	map07213
CLEMASTINE	map07212
CLOBAZAM	map07033
CLODRONATE	map07047
CLODRONIC ACID	map07047
CLOFIBRATE	map07222
CLOMIPHENE	map07226
CLOMIPRAMINE	map07027
CLOMIPRAMINE	map07234
CLONAZEPAM	map07033
CLONAZEPAM	map07230
CLONIDINE	map07215
CLOPIDOGREL	map07049
CLORAZEPATE	map07030
CLORAZEPATE	map07230
CLOTIAZEPAM	map07030
CLOTIAZEPAM	map07230
CLOTRIMAZOLE	map07026
CLOXACILLIN	map07011
CLOXAZOLAM	map07030
CLOXAZOLAM	map07230
CLOZAPINE	map07117
CLOZAPINE	map07211
CLOZAPINE	map07213
COBICISTAT	map07053
COCAINE	map05030
COCAINE	map07015
COCAINE	map07110
COCAINE	map07231
COCAINE	map07234
CODEINE	map00982
CODEINE	map07039
CODEINE	map07224
COLCHICINE	map04976
COLESTIMIDE	map07052
COLESTYRAMINE	map07052
CORTISONE	map07225
CRIZOTINIB	map07045
CYCLIZINE	map07212
CYCLOFENIL	map07226
CYCLOPENTOLATE	map07220
CYCLOPHOSPHAMIDE	map07040
CYCLOPHOSPHAMIDE	map07046
CYCLOPHOSPHAMIDE	map07050
CYCLOSPORINE	map04976
CYCLOSPORINE	map07046
CYPROHEPTADINE	map07212
CYPROTERONE	map07226
CYTARABINE	map07041
CYTARABINE	map07046
CYTOSINE	map07026
DABIGATRAN	map07049
DABIGATRAN ETEXILATE	map07049
DACARBAZINE	map07040
DACTINOMYCIN	map04976
DACTINOMYCIN	map07042
DACTINOMYCIN	map07046
DALTEPARIN	map07049
DANAZOL	map07226
DAPAGLIFLOZIN	map07051
DARUNAVIR	map07053
DARUNAVIR	map07218
DASATINIB	map07045
DAUNORUBICIN	map04976
DAUNORUBICIN	map07042
DELAVIRDINE	map07053
DEMECLOCYCLINE	map07019
DEMETHYL	map07019
DESIPRAMINE	map07027
DESIPRAMINE	map07234
DESLANOSIDE	map07233
DESOGESTREL	map07226
DESVENLAFAXINE	map07027
DESVENLAFAXINE	map07234
DEXAMETHASONE	map07043
DEXAMETHASONE	map07046
DEXAMETHASONE	map07225
DEXCHLORPHENIRAMINE	map07212
DEXMEDETOMIDINE	map07215
DEXTROAMPHETAMINE	map07234
DEXTROMETHORPHAN	map07235
DEXTRORPHAN	map07235
DIAZEPAM	map07030
DIAZEPAM	map07032
DIAZEPAM	map07033
DIAZEPAM	map07117
DIAZEPAM	map07230
DIAZOXIDE	map07232
DIBUCAINE	map07231
DICHLORPHENAMIDE	map07017
DICHLORPHENAMIDE	map07055
DICLOFENAC	map07219
DICYCLOMINE	map07220
DIDANOSINE	map07044
DIDANOSINE	map07053
DIETHYLSTILBESTROL	map07226
DIFLUNISAL	map07110
DIFLUNISAL	map07219
DIGITOXIN	map07233
DIGOXIN	map04976
DIGOXIN	map07233
DIHYDROCODEINE	map07224
DIHYDROERGOCRYPTINE	map07057
DIHYDROERGOTAMINE	map07048
DILTIAZEM	map07036
DILTIAZEM	map07037
DINOPROST	map07035
DINOPROST	map07228
DINOPROSTONE	map07035
DINOPROSTONE	map07228
DIPHENHYDRAMINE	map07028
DIPHENHYDRAMINE	map07032
DIPHENHYDRAMINE	map07212
DIPHENYLPYRALINE	map07212
DIPIVEFRIN	map07054
DISOPYRAMIDE	map07037
DISOPYRAMIDE	map07231
DISTIGMINE	map07054
DOBUTAMINE	map07214
DOCETAXEL	map07042
DOCOSANOL	map07044
DOFETILIDE	map07037
DOFETILIDE	map07232
DOLUTEGRAVIR	map07053
DOMPERIDONE	map04976
DOMPERIDONE	map07213
DONEPEZIL	map07056
DONEPEZIL	map07220
DOPAMINE	map07213
DORZOLAMIDE	map07054
DORZOLAMIDE	map07055
DOTHIEPIN	map07027
DOTHIEPIN	map07234
DOXAZOSIN	map07215
DOXORUBICIN	map04976
DOXORUBICIN	map07042
DOXYCYCLINE	map07019
DOXYLAMINE	map07212
DRONEDARONE	map07037
DRONEDARONE	map07231
DRONEDARONE	map07232
DROPERIDOL	map07031
DROPERIDOL	map07213
DROSPIRENONE	map07225
DROXIDOPA	map07057
DULOXETINE	map07027
DULOXETINE	map07234
DYDROGESTERONE	map07226
EBASTINE	map07212
ECHOTHIOPHATE	map07054
ECHOTHIOPHATE	map07220
ECONAZOLE	map07026
EDOXABAN	map07049
EDROPHONIUM	map07220
EFAVIRENZ	map07053
EICOSAPENTAENOIC	map07052
ELETRIPTAN	map07048
ELVITEGRAVIR	map07053
EMEDASTINE	map07212
EMTRICITABINE	map07053
ENALAPRIL	map07217
ENALAPRILAT	map07217
ENCAINIDE	map07037
ENFUVIRTIDE	map07053
ENOXACIN	map07014
ENTACAPONE	map07057
ENTACAPONE	map07216
ENTECAVIR	map07044
EPINASTINE	map07212
EPINEPHRINE	map07215
EPIRUBICIN	map04976
EPIRUBICIN	map07042
EPLERENONE	map07225
EPOPROSTENOL	map07034
EPOPROSTENOL	map07049
EPOPROSTENOL	map07228
EPROSARTAN	map07229
EPTIFIBATIDE	map07049
ERGOTAMINE	map07048
ERGOTAMINE	map07215
ERLOTINIB	map07045
ERYTHROMYCIN	map04976
ERYTHROMYCIN	map07020
ESCITALOPRAM	map07234
ESMOLOL	map07214
ESOMEPRAZOLE	map07038
ESOMEPRAZOLE	map07233
ESTAZOLAM	map07032
ESTAZOLAM	map07230
ESTRADIOL	map07047
ESTRADIOL	map07226
ESTRAMUSTINE	map07040
ESTRAMUSTINE	map07043
ESTRIOL	map07047
ESTRIOL	map07226
ESTRONE	map07226
ESZOPICLONE	map07032
ESZOPICLONE	map07230
ETANERCEPT	map07050
ETHACRYNATE	map07233
ETHACRYNIC	map07233
ETHINYL ESTRADIOL	map07226
ETHOSUXIMIDE	map07033
ETHOSUXIMIDE	map07036
ETHOTOIN	map07033
ETHYL LOFLAZEPATE	map07030
ETHYL LOFLAZEPATE	map07230
ETIDRONATE	map07047
ETODOLAC	map07219
ETOMIDATE	map07026
ETOPOSIDE	map04976
ETOPOSIDE	map07042
ETORICOXIB	map07219
ETRAVIRINE	map07053
ETRETINATE	map07223
EVEROLIMUS	map07042
EVEROLIMUS	map07045
EVEROLIMUS	map07046
EXEMESTANE	map01522
EXEMESTANE	map07043
EXENATIDE	map07051
EZETIMIBE	map07052
EZOGABINE	map07232
FAMCICLOVIR	map07044
FAMOTIDINE	map04976
FAMOTIDINE	map07038
FAMOTIDINE	map07227
FAMP	map07023
FELBAMATE	map00982
FELBAMATE	map07033
FELODIPINE	map07036
FENOFIBRATE	map07222
FENOPROFEN	map07219
FENTANYL	map07039
FENTANYL	map07224
FEXOFENADINE	map07212
FLECAINIDE	map07037
FLECAINIDE	map07231
FLOPROPIONE	map07216
FLOXACILLIN	map07011
FLOXURIDINE	map00983
FLOXURIDINE	map07041
FLUCLOXACILLIN	map07011
FLUCONAZOLE	map07026
FLUCYTOSINE	map07026
FLUDARABINE	map07041
FLUDARABINE	map07044
FLUDROCORTISONE	map07225
FLUFENAMIC ACID	map07110
FLUFENAMIC ACID	map07219
FLUMAZENIL	map07230
FLUNARIZINE	map07036
FLUNARIZINE	map07048
FLUNITRAZEPAM	map07032
FLUNITRAZEPAM	map07230
FLUOCINOLONE	map07225
FLUOCINONIDE	map07225
FLUOROURACIL	map00983
FLUOROURACIL	map07041
FLUOXETINE	map07027
FLUOXETINE	map07234
FLUOXYMESTERONE	map07043
FLUOXYMESTERONE	map07226
FLUPENTHIXOL	map07028
FLUPHENAZINE	map07029
FLURAZEPAM	map07032
FLURAZEPAM	map07230
FLURBIPROFEN	map07219
FLUSPIRILENE	map07031
FLUTAMIDE	map07043
FLUTAMIDE	map07226
FLUTICASONE	map07225
FLUVASTATIN	map07024
FLUVOXAMINE	map07027
FLUVOXAMINE	map07234
FONDAPARINUX	map07049
FORTEO	map07047
FOSAMPRENAVIR	map07053
FOSAMPRENAVIR	map07218
FOSCARNET	map07044
FOSFESTROL	map07043
FOSFESTROL	map07226
FOSINOPRIL	map07217
FOSPHENYTOIN	map07033
FOSPROPOFOL	map07230
FRAMYCETIN	map07021
FROVATRIPTAN	map07048
FULVESTRANT	map01522
FULVESTRANT	map07043
FULVESTRANT	map07226
FUMARATE	map07213
FUROSEMIDE	map04976
FUROSEMIDE	map07017
FUROSEMIDE	map07055
FUROSEMIDE	map07233
GABAPENTIN	map07033
GALANTAMINE	map07056
GALANTAMINE	map07220
GALLAMINE	map07221
GANCICLOVIR	map04976
GANCICLOVIR	map07044
GATIFLOXACIN	map07014
GEFITINIB	map01521
GEFITINIB	map07045
GEMCITABINE	map07041
GEMEPROST	map07035
GEMEPROST	map07228
GEMFIBROZIL	map07222
GEMIFLOXACIN	map07014
GENTAMICIN	map07021
GESTODENE	map07226
GLIBENCLAMIDE	map07018
GLIBENCLAMIDE	map07051
GLIBENCLAMIDE	map07232
GLIBORNURIDE	map07018
GLICLAZIDE	map07018
GLIMEPIRIDE	map07018
GLIPIZIDE	map07018
GLYBURIDE	map07018
GLYBURIDE	map07051
GLYBURIDE	map07232
GLYCERIN	map07054
GLYCEROL	map07054
GOLD	map07050
GOLIMUMAB	map07050
GOSERELIN	map07043
GRANISETRON	map07211
GREPAFLOXACIN	map07014
GRISEOFULVIN	map07026
GUANABENZ	map07215
GUANFACINE	map07215
HALOFANTRINE	map07025
HALOPERIDOL	map07028
HALOPERIDOL	map07031
HALOPERIDOL	map07213
HEPARIN	map07049
HEPATITIS B VIRUS	map07044
HEROIN	map07039
HEROIN	map07224
HEXOBARBITAL	map07230
HOMATROPINE	map07220
HUMALOG	map07051
HYDROCHLOROTHIAZIDE	map04976
HYDROCHLOROTHIAZIDE	map07017
HYDROCHLOROTHIAZIDE	map07233
HYDROCORTISONE	map07225
HYDROFLUMETHIAZIDE	map07017
HYDROMORPHONE	map07039
HYDROMORPHONE	map07224
HYDROTALCITE	map07038
HYDROXYUREA	map07041
HYDROXYZINE	map07030
HYDROXYZINE	map07032
HYDROXYZINE	map07212
IBANDRONATE	map07047
IBUPROFEN	map07048
IBUPROFEN	map07219
IBUTILIDE	map07037
IBUTILIDE	map07232
ICI	map04976
ICI	map07020
ICOSAPENT ETHYL	map07052
IDARUBICIN	map07042
IDOXURIDINE	map07044
IFENPRODIL	map07235
IFOSFAMIDE	map00982
IFOSFAMIDE	map07040
ILOPROST	map07034
ILOPROST	map07228
IMATINIB	map07045
IMIDAPRIL	map07217
IMIPRAMINE	map07027
IMIPRAMINE	map07234
INDAPAMIDE	map07017
INDAPAMIDE	map07055
INDAPAMIDE	map07233
INDINAVIR	map07053
INDINAVIR	map07218
INDOCYANINE GREEN	map07114
INDOMETHACIN	map07219
INFLIXIMAB	map07050
INFLUENZA A VIRUS	map07044
INSULIN	map07051
INSULIN DETEMIR	map07051
INSULIN GLARGINE	map07051
INSULIN LISPRO	map07051
INSULIN, ISOPHANE	map07051
INTERFERON ALFA-2B	map07044
INTERFERON ALFACON-1	map07044
IODIDE	map07221
IODIPAMIDE	map07110
IOTHALAMIC ACID	map07110
IPRATROPIUM	map07220
IPRIFLAVONE	map07047
IPRONIAZID	map07027
IPRONIAZID	map07216
IRBESARTAN	map07229
IRINOTECAN	map04976
IRINOTECAN	map07042
IRON	map07226
ISOCARBOXAZID	map07027
ISOCARBOXAZID	map07216
ISOCONAZOLE	map07026
ISONIAZID	map00983
ISONIAZID	map07216
ISOPROPYL UNOPROSTONE	map07035
ISOPROPYL UNOPROSTONE	map07054
ISOPROPYL UNOPROSTONE	map07228
ISOPROTERENOL	map07214
ISOSORBIDE	map07054
ISOTRETINOIN	map07223
ISRADIPINE	map07036
ITRACONAZOLE	map07026
IVERMECTIN	map04976
JOSAMYCIN	map07020
KANAMYCIN	map07021
KETAMINE	map07235
KETANSERIN	map07211
KETOCONAZOLE	map07026
KETOPROFEN	map07219
KETOTIFEN	map07212
LABETALOL	map07214
LACIDIPINE	map07036
LAMIVUDINE	map04976
LAMIVUDINE	map07044
LAMIVUDINE	map07053
LAMOTRIGINE	map07033
LAMOTRIGINE	map07231
LANATOSIDE C	map07233
LANSOPRAZOLE	map07038
LANSOPRAZOLE	map07233
LANTUS	map07051
LAPATINIB	map07045
LASOFOXIFENE	map07047
LATANOPROST	map07035
LATANOPROST	map07054
LATANOPROST	map07228
LEFLUNOMIDE	map07046
LEFLUNOMIDE	map07050
LENALIDOMIDE	map07046
LEPIRUDIN	map07049
LETROZOLE	map01522
LETROZOLE	map07043
LEUPROLIDE	map07043
LEUPRORELIN	map07043
LEVETIRACETAM	map07033
LEVOBUNOLOL	map07054
LEVOBUPIVACAINE	map07231
LEVOCABASTINE	map07212
LEVOCETIRIZINE	map07212
LEVODOPA	map07057
LEVOMEPROMAZINE	map07029
LEVOMETHADONE	map07224
LEVOMETHADONE	map07235
LEVOMETHADYL	map07039
LEVOMETHADYL	map07224
LEVORPHANOL	map07039
LEVORPHANOL	map07224
LIDOCAINE	map00982
LIDOCAINE	map07037
LIDOCAINE	map07231
LINAGLIPTIN	map07051
LIRAGLUTIDE	map07051
LISINOPRIL	map07217
LISURIDE	map07048
LISURIDE	map07211
LISURIDE	map07213
LIXISENATIDE	map07051
LOFEPRAMINE	map07027
LOFEPRAMINE	map07234
LOMUSTINE	map07040
LOPINAVIR	map07053
LOPINAVIR	map07218
LORACARBEF	map07013
LORATADINE	map07212
LORAZEPAM	map07030
LORAZEPAM	map07230
LORMETAZEPAM	map07030
LORMETAZEPAM	map07032
LORMETAZEPAM	map07230
LORNOXICAM	map07219
LOSARTAN	map07229
LOVASTATIN	map04976
LOVASTATIN	map07024
LOXOPROFEN	map07219
LULICONAZOLE	map07026
LYXUMIA	map07051
MAGNESIUM	map07038
MAGNESIUM GLYCINATE	map07049
MAGNESIUM HYDROXIDE	map07038
MAGNESIUM OXIDE	map07038
MAGNESIUM SALT	map07048
MAGNESIUM TRISILICATE	map07038
MALATE	map07050
MANIDIPINE	map07036
MANNITOL	map07054
MAPROTILINE	map07027
MAPROTILINE	map07234
MARAVIROC	map07053
MAZINDOL	map07234
MECHLORETHAMINE	map07040
MECLIZINE	map07212
MECLOCYCLINE	map07019
MECLOFENAMATE	map07219
MEDAZEPAM	map07230
MEDIGOXIN	map07233
MEDROXYPROGESTERONE	map07043
MEDROXYPROGESTERONE	map07226
MEFENAMIC	map07110
MEFENAMIC	map07219
MEFLOQUINE	map07025
MEFRUSIDE	map07017
MEFRUSIDE	map07233
MEGESTROL	map07043
MELITRACEN	map07027
MELOXICAM	map07219
MELPHALAN	map07040
MELPHALAN	map07046
MEMANTINE	map07056
MEMANTINE	map07235
MENATETRENONE	map07047
MEPENZOLATE	map07220
MEPERIDINE	map07028
MEPERIDINE	map07039
MEPERIDINE	map07224
MEPHENESIN	map07030
MEPHENYTOIN	map07033
MEPHOBARBITAL	map07230
MEPIVACAINE	map07231
MEPREDNISONE	map07046
MEPROBAMATE	map07030
MEPYRAMINE	map07212
MEQUITAZINE	map07212
MERCAPTOPURINE	map07041
MERCAPTOPURINE	map07046
MESTRANOL	map07226
METAPROTERENOL	map07214
METFORMIN	map07051
METHACHOLINE	map07220
METHADONE	map07039
METHADONE	map07224
METHADONE	map07235
METHADYL ACETATE	map07039
METHADYL ACETATE	map07224
METHAMPHETAMINE	map07234
METHANTHELINE	map07220
METHAZOLAMIDE	map07017
METHAZOLAMIDE	map07054
METHDILAZINE	map07212
METHENOLONE	map07047
METHOTREXATE	map01523
METHOTREXATE	map04976
METHOTREXATE	map07041
METHOTREXATE	map07046
METHOTREXATE	map07050
METHOTRIMEPRAZINE	map07029
METHOXAMINE	map07215
METHSCOPOLAMINE	map07220
METHYL SALICYLATE	map07110
METHYLENE BLUE	map07029
METHYLNALTREXONE	map07224
METHYLPREDNISOLONE	map07225
METHYLTESTOSTERONE	map07226
METHYSERGIDE	map07048
METHYSERGIDE	map07211
METIPRANOLOL	map07054
METOCLOPRAMIDE	map07028
METOCLOPRAMIDE	map07048
METOCLOPRAMIDE	map07211
METOCLOPRAMIDE	map07213
METOLAZONE	map07017
METOLAZONE	map07233
METOPROLOL	map07037
METOPROLOL	map07048
METOPROLOL	map07214
METRONIDAZOLE	map07026
MEXILETINE	map07037
MEXILETINE	map07231
MEZLOCILLIN	map07011
MIANSERIN	map07027
MIBEFRADIL	map07036
MICAFUNGIN	map07026
MICONAZOLE	map07026
MIDAZOLAM	map07032
MIDAZOLAM	map07230
MIFEPRISTONE	map07226
MIGLITOL	map07051
MILNACIPRAN	map07027
MILNACIPRAN	map07234
MINOCYCLINE	map07019
MINOXIDIL	map07232
MIRTAZAPINE	map07027
MISOPROSTOL	map07035
MISOPROSTOL	map07038
MISOPROSTOL	map07228
MITOMYCIN	map07040
MITOMYCIN	map07042
MITOXANTRONE	map04976
MITOXANTRONE	map07042
MIVACURIUM	map07221
MOCLOBEMIDE	map07027
MOCLOBEMIDE	map07216
MOLINDONE	map07028
MONTELUKAST	map07034
MONTELUKAST	map07228
MORPHINE	map05032
MORPHINE	map07039
MORPHINE	map07224
MOSAPRIDE	map07211
MOXIFLOXACIN	map07014
MYCOPHENOLATE	map07046
MYCOPHENOLATE MOFETIL	map07046
MYCOPHENOLIC	map07046
MYCOPHENOLIC ACID	map07046
N-METHYLSCOPOLAMINE	map07220
NABUMETONE	map07114
NABUMETONE	map07219
NADOLOL	map07048
NADROPARIN	map07049
NAFARELIN	map07114
NAFTIFINE	map07026
NALBUPHINE	map07039
NALBUPHINE	map07224
NALIDIXIC	map07014
NALMEFENE	map07224
NALOXONE	map07039
NALOXONE	map07224
NALTREXONE	map07039
NALTREXONE	map07224
NANDROLONE	map07047
NAPHAZOLINE	map07114
NAPHAZOLINE	map07215
NAPROXEN	map07048
NAPROXEN	map07114
NAPROXEN	map07219
NARATRIPTAN	map07048
NATAMYCIN	map07026
NATEGLINIDE	map07051
NEFAZODONE	map07027
NELFINAVIR	map07053
NELFINAVIR	map07218
NEOMYCIN	map07021
NEOSTIGMINE	map07220
NETILMICIN	map07021
NEVIRAPINE	map07053
NICARDIPINE	map07036
NICORANDIL	map07232
NIFEDIPINE	map07036
NILOTINIB	map07045
NILUTAMIDE	map07043
NILUTAMIDE	map07226
NILVADIPINE	map07036
NIMODIPINE	map07036
NISOLDIPINE	map07036
NITRAZEPAM	map07032
NITRAZEPAM	map07033
NITRAZEPAM	map07230
NITRENDIPINE	map07036
NITROFURANTOIN	map04976
NIZATIDINE	map07038
NIZATIDINE	map07227
NORDAZEPAM	map07030
NOREPINEPHRINE	map07215
NORETHINDRONE	map07226
NORETHISTERONE	map07226
NORFLOXACIN	map07014
NORGESTIMATE	map07226
NORTRIPTYLINE	map07027
NORTRIPTYLINE	map07048
NORTRIPTYLINE	map07234
NOVOLOG	map07051
NYSTATIN	map07026
OFATUMUMAB	map07050
OFLOXACIN	map04976
OFLOXACIN	map07014
OLANZAPINE	map07117
OLANZAPINE	map07211
OLANZAPINE	map07213
OLAPARIB	map04212
OLMESARTAN	map07229
OLOPATADINE	map07212
OMEPRAZOLE	map07038
OMEPRAZOLE	map07233
ONDANSETRON	map04976
ONDANSETRON	map07211
OPIUM	map07038
OPIUM	map07220
ORG	map07048
ORPHENADRINE	map07220
OSELTAMIVIR	map07044
OXACILLIN	map07011
OXALATE	map07234
OXALIPLATIN	map01524
OXALIPLATIN	map07040
OXANDROLONE	map07226
OXAPROZIN	map07112
OXAPROZIN	map07219
OXATOMIDE	map07212
OXAZEPAM	map07030
OXAZEPAM	map07230
OXCARBAZEPINE	map00982
OXCARBAZEPINE	map07033
OXICONAZOLE	map07026
OXITROPIUM	map07220
OXYCODONE	map07039
OXYCODONE	map07224
OXYMORPHONE	map07039
OXYMORPHONE	map07224
OXYTETRACYCLINE	map07019
P-AMINOHIPPURATE	map04976
PACLITAXEL	map04976
PACLITAXEL	map07042
PALIVIZUMAB	map07044
PALMITATE	map07223
PAMIDRONATE	map07047
PANCURONIUM	map07221
PANITUMUMAB	map07045
PANTOPRAZOLE	map07038
PANTOPRAZOLE	map07233
PANTOTHENIC ACID	map07052
PARAMETHASONE	map07225
PARNAPARIN	map07049
PAROMOMYCIN	map07021
PAROXETINE	map07027
PAROXETINE	map07234
PAZOPANIB	map07045
PECTIN	map07021
PEGINTERFERON ALFA-2A	map07044
PEGINTERFERON ALFA-2B	map07044
PEMETREXED	map07041
PENCICLOVIR	map07044
PENFLURIDOL	map07031
PENICILLAMINE	map07050
PENICILLIN	map07011
PENICILLIN G	map07011
PENICILLIN V	map07011
PENTAZOCINE	map07039
PENTAZOCINE	map07224
PENTOBARBITAL	map07032
PENTOBARBITAL	map07230
PENTOSTATIN	map07041
PERAMIVIR	map07044
PERAZINE	map07029
PERAZINE	map07048
PERGOLIDE	map07057
PERPHENAZINE	map07029
PERTUZUMAB	map07045
PHENACEMIDE	map07033
PHENCYCLIDINE	map07235
PHENELZINE	map07027
PHENELZINE	map07216
PHENETHICILLIN	map07011
PHENFORMIN	map04152
PHENIRAMINE	map07212
PHENOBARBITAL	map07032
PHENOBARBITAL	map07033
PHENOBARBITAL	map07230
PHENTOLAMINE	map07215
PHENYLBUTAZONE	map07112
PHENYLEPHRINE	map07215
PHENYTOIN	map07033
PHLOROGLUCINOL	map07216
PHYSOSTIGMINE	map07056
PHYSOSTIGMINE	map07220
PILOCARPINE	map07054
PILOCARPINE	map07220
PIMOZIDE	map07031
PINDOLOL	map07037
PINDOLOL	map07214
PIOGLITAZONE	map07051
PIOGLITAZONE	map07222
PIPAMPERONE	map07031
PIPECURONIUM	map07221
PIPERACILLIN	map07011
PIPERACILLIN	map07012
PIPERIDOLATE	map07038
PIPERIDOLATE	map07220
PIPEROCAINE	map07015
PIRACETAM	map07033
PIRARUBICIN	map07042
PIRENZEPINE	map07038
PIRENZEPINE	map07220
PIRETANIDE	map07017
PIRETANIDE	map07233
PIRIBEDIL	map07057
PIROXICAM	map07219
PITAVASTATIN	map04976
PITAVASTATIN	map07024
PIVAMPICILLIN	map07011
PLASMIN	map07049
PODOFILOX	map07042
PODOPHYLLOTOXIN	map07042
POLYESTRADIOL	map07226
POLYTHIAZIDE	map07017
POSACONAZOLE	map07026
POTASSIUM	map07011
PRACTOLOL	map07037
PRALATREXATE	map01523
PRAMIPEXOLE	map07057
PRAMIPEXOLE	map07213
PRAVASTATIN	map07024
PRAZEPAM	map07230
PRAZOSIN	map07215
PREDNISOLONE	map07225
PREDNISONE	map07043
PREDNISONE	map07046
PREGABALIN	map07033
PRILOCAINE	map07231
PRIMAQUINE	map07025
PRIMIDONE	map07033
PRIMIDONE	map07230
PROBUCOL	map07052
PROCAINAMIDE	map07028
PROCAINAMIDE	map07037
PROCAINAMIDE	map07213
PROCAINAMIDE	map07231
PROCATEROL	map07214
PROCHLORPERAZINE	map07029
PROCHLORPERAZINE	map07048
PROFENAMINE	map07029
PROFENAMINE	map07057
PROGESTERONE	map07225
PROGESTERONE	map07226
PROGLUMETACIN	map07219
PROMAZINE	map07028
PROMAZINE	map07029
PROMAZINE	map07048
PROMAZINE	map07212
PROMAZINE	map07213
PROMETHAZINE	map07028
PROMETHAZINE	map07029
PROMETHAZINE	map07032
PROMETHAZINE	map07212
PROMETHAZINE	map07213
PROPAFENONE	map07037
PROPAFENONE	map07231
PROPANTHELINE	map07038
PROPANTHELINE	map07220
PROPARACAINE	map07231
PROPIONATE	map07225
PROPIVERINE	map07220
PROPOFOL	map07230
PROPOXYPHENE	map07039
PROPOXYPHENE	map07224
PROPRANOLOL	map07037
PROPRANOLOL	map07048
PROPRANOLOL	map07114
PROPRANOLOL	map07214
PROSTACYCLIN	map07034
PROSTACYCLIN	map07049
PROSTACYCLIN	map07228
PROSTAGLANDIN	map07034
PROSTAGLANDIN	map07049
PROSTAGLANDIN	map07228
PYRIDOSTIGMINE	map07220
PYRILAMINE	map07212
QUAZEPAM	map07032
QUAZEPAM	map07230
QUETIAPINE	map07213
QUINACRINE	map07025
QUINAPRIL	map07217
QUINIDINE	map07025
QUINIDINE	map07037
QUINIDINE	map07231
QUININE	map07025
RABEPRAZOLE	map07038
RABEPRAZOLE	map07233
RALOXIFENE	map07043
RALOXIFENE	map07047
RALTEGRAVIR	map07053
RALTITREXED	map01523
RALTITREXED	map07041
RAMELTEON	map07032
RAMIPRIL	map07217
RANITIDINE	map04976
RANITIDINE	map07038
RANITIDINE	map07227
RAPAMYCIN	map04139
RAPAMYCIN	map07042
RAPAMYCIN	map07046
RASAGILINE	map07027
RASAGILINE	map07057
RASAGILINE	map07216
REBOXETINE	map07027
REBOXETINE	map07234
REFLUDAN	map07049
REMIFENTANIL	map07224
REPAGLINIDE	map07051
RETIGABINE	map07232
RETINOL	map07223
RIBAVIRIN	map07044
RIFABUTIN	map07023
RIFAMPICIN	map07023
RIFAMPIN	map07023
RIFAPENTINE	map07023
RIFAXIMIN	map07023
RILPIVIRINE	map07053
RIMANTADINE	map07044
RISEDRONATE	map07047
RISEDRONIC ACID	map07047
RISPERIDONE	map07028
RISPERIDONE	map07211
RISPERIDONE	map07213
RITONAVIR	map04976
RITONAVIR	map07053
RITONAVIR	map07218
RIVAROXABAN	map07049
RIVASTIGMINE	map07056
RIVASTIGMINE	map07220
RIZATRIPTAN	map07048
ROCURONIUM	map07221
ROFECOXIB	map07112
ROFECOXIB	map07219
ROPINIROLE	map07057
ROPIVACAINE	map07231
ROSIGLITAZONE	map07222
ROSUVASTATIN	map07024
ROTIGOTINE	map07057
ROXATIDINE	map07038
ROXATIDINE	map07227
ROXITHROMYCIN	map07020
RUXOLITINIB	map07045
SALICYLAMIDE	map07219
SALICYLATE	map07219
SALICYLIC ACID	map07110
SALMON	map07047
SALMON CALCITONIN	map07047
SAQUINAVIR	map04976
SAQUINAVIR	map07053
SAQUINAVIR	map07218
SAXAGLIPTIN	map07051
SCOPOLAMINE	map07220
SECOBARBITAL	map07032
SECOBARBITAL	map07230
SECUKINUMAB	map07050
SELEGILINE	map07027
SELEGILINE	map07057
SELEGILINE	map07216
SERTINDOLE	map07028
SERTRALINE	map07027
SERTRALINE	map07234
SIBUTRAMINE	map07027
SILVER	map07016
SILVER SULFADIAZINE	map07016
SIMVASTATIN	map07024
SIROLIMUS	map04139
SIROLIMUS	map07042
SIROLIMUS	map07046
SITAGLIPTIN	map07051
SMALLPOX VACCINE	map07044
SODIUM	map07219
SODIUM BICARBONATE	map07038
SODIUM CARBONATE	map07038
SODIUM PHOSPHATE	map07225
SODIUM SULFATE	map07226
SORAFENIB	map07045
SOTALOL	map07037
SOTALOL	map07232
SPARFLOXACIN	map04976
SPARFLOXACIN	map07014
SPECTINOMYCIN	map07021
SPIRAMYCIN	map07020
SPIRONOLACTONE	map07225
STANOZOLOL	map07226
STAVUDINE	map07044
STAVUDINE	map07053
STREPTOMYCIN	map07021
STREPTOZOCIN	map07040
STREPTOZOTOCIN	map07040
SUCCINYLCHOLINE	map07221
SUCRALFATE	map07038
SUFENTANIL	map07039
SUFENTANIL	map07224
SULBENICILLIN	map07011
SULBENICILLIN	map07012
SULCONAZOLE	map07026
SULFACETAMIDE	map07016
SULFADIAZINE	map07016
SULFADOXINE	map07016
SULFAMETHAZINE	map07016
SULFAMETHIZOLE	map07016
SULFAMETHIZOLE	map07055
SULFAMETHOXAZOLE	map07016
SULFANILAMIDE	map07016
SULFANILAMIDE	map07017
SULFANILAMIDE	map07018
SULFANILAMIDE	map07055
SULFASALAZINE	map04216
SULFASALAZINE	map07016
SULFASALAZINE	map07050
SULFISOXAZOLE	map07016
SULINDAC	map07219
SULPIRIDE	map07028
SULPIRIDE	map07213
SULTAMICILLIN	map07011
SULTHIAME	map07033
SULTOPRIDE	map07213
SUMATRIPTAN	map07048
SUMATRIPTAN	map07211
SUNITINIB	map07045
SYNEPHRINE	map07215
TACRINE	map07056
TACRINE	map07220
TACROLIMUS	map07046
TACROLIMUS	map07050
TAFLUPROST	map07054
TAFLUPROST	map07228
TAMOXIFEN	map07043
TAMOXIFEN	map07226
TAMSULOSIN	map07215
TARTRATE	map07037
TARTRATE	map07048
TARTRATE	map07214
TAZAROTENE	map07223
TAZOBACTAM	map07011
TEGAFUR	map00983
TEGAFUR	map07041
TELBIVUDINE	map07044
TELITHROMYCIN	map07020
TELMISARTAN	map07229
TEMAZEPAM	map07030
TEMAZEPAM	map07032
TEMAZEPAM	map07230
TEMOZOLOMIDE	map07040
TEMSIROLIMUS	map07042
TEMSIROLIMUS	map07045
TENIPOSIDE	map07042
TENOFOVIR	map07044
TENOFOVIR	map07053
TENOFOVIR DISOPROXIL	map07044
TENOFOVIR DISOPROXIL	map07053
TENOXICAM	map07219
TERAZOSIN	map07215
TERBINAFINE	map07026
TERBINAFINE	map07114
TERCONAZOLE	map07026
TERFENADINE	map04976
TERFENADINE	map07212
TERFENADINE	map07232
TERIPARATIDE	map07047
TESTOSTERONE	map07226
TETRACAINE	map07015
TETRACAINE	map07231
TETRACYCLINE	map04976
TETRACYCLINE	map07019
TETROFOSMIN	map04976
THALIDOMIDE	map07032
THALIDOMIDE	map07046
THIAMYLAL	map07230
THIAZIDE	map04976
THIAZIDE	map07017
THIAZIDE	map07233
THIETHYLPERAZINE	map07029
THIOGUANINE	map07041
THIOPENTAL	map07230
THIORIDAZINE	map07029
THIOTEPA	map07040
THIOTHIXENE	map07028
THYMIDINE	map07044
THYMIDINE	map07053
TIAGABINE	map07033
TIAPROFENIC	map07219
TICARCILLIN	map07011
TICLOPIDINE	map07049
TIEMONIUM	map07220
TIGECYCLINE	map07019
TILUDRONATE	map07047
TILUDRONIC ACID	map07047
TIMOLOL	map07054
TIOTROPIUM	map07220
TIPRANAVIR	map07053
TIPRANAVIR	map07218
TIROFIBAN	map07049
TOBRAMYCIN	map07021
TOCAINIDE	map07037
TOCAINIDE	map07231
TOCILIZUMAB	map07050
TOFACITINIB	map07050
TOFISOPAM	map07030
TOFISOPAM	map07117
TOFISOPAM	map07230
TOLAZAMIDE	map07018
TOLAZOLINE	map07215
TOLBUTAMIDE	map07018
TOLBUTAMIDE	map07051
TOLBUTAMIDE	map07055
TOLBUTAMIDE	map07232
TOLCAPONE	map07057
TOLCAPONE	map07216
TOLFENAMIC ACID	map07110
TOLFENAMIC ACID	map07219
TOLMETIN	map07219
TOLNAFTATE	map07026
TOLNAFTATE	map07114
TOPIRAMATE	map07033
TOPIRAMATE	map07231
TOPOTECAN	map07042
TORASEMIDE	map07017
TORASEMIDE	map07233
TOREMIFENE	map07043
TOREMIFENE	map07226
TORSEMIDE	map07017
TORSEMIDE	map07233
TRAMADOL	map07224
TRANS	map07220
TRANYLCYPROMINE	map07027
TRANYLCYPROMINE	map07216
TRASTUZUMAB	map07045
TRAVOPROST	map07035
TRAVOPROST	map07054
TRAVOPROST	map07228
TRAZODONE	map07027
TRAZODONE	map07234
TREPIBUTONE	map07216
TREPROSTINIL	map07228
TRETINOIN	map07223
TRIAMCINOLONE	map07225
TRIAZOLAM	map07032
TRIAZOLAM	map07230
TRICHLORMETHIAZIDE	map07017
TRICHLORMETHIAZIDE	map07233
TRICLOFOS	map07032
TRIFLUOPERAZINE	map07029
TRIFLURIDINE	map07044
TRIHEXYPHENIDYL	map07057
TRIHEXYPHENIDYL	map07220
TRIMEPRAZINE	map07029
TRIMETHADIONE	map07033
TRIMETREXATE	map01523
TRIMETREXATE	map07041
TRIMIPRAMINE	map07027
TRIMIPRAMINE	map07234
TRIPELENNAMINE	map07028
TRIPELENNAMINE	map07212
TRIPROLIDINE	map07212
TRIS	map07016
TROGLITAZONE	map07051
TROGLITAZONE	map07222
TROLEANDOMYCIN	map07020
TROPICAMIDE	map07220
TROPISETRON	map07211
TROSPIUM	map07220
TROVAFLOXACIN	map07014
TUBOCURARINE	map07221
TYRAMINE	map07052
UNOPROSTONE	map07035
UNOPROSTONE	map07054
UNOPROSTONE	map07228
URAPIDIL	map07215
UREA	map07032
UROKINASE	map07049
VALACYCLOVIR	map07044
VALDECOXIB	map07219
VALERATE	map07225
VALGANCICLOVIR	map07044
VALPROATE	map07033
VALPROATE	map07036
VALPROATE	map07048
VALSARTAN	map04976
VALSARTAN	map07229
VANCOMYCIN	map01503
VANDETANIB	map07045
VECURONIUM	map04976
VECURONIUM	map07221
VENLAFAXINE	map07027
VENLAFAXINE	map07234
VERAPAMIL	map07036
VERAPAMIL	map07037
VERAPAMIL	map07048
VIDARABINE	map07041
VIDARABINE	map07044
VIGABATRIN	map07033
VILDAGLIPTIN	map07051
VILOXAZINE	map07027
VINBLASTINE	map07042
VINBLASTINE	map07046
VINCRISTINE	map07042
VINCRISTINE	map07046
VINDESINE	map07042
VINORELBINE	map07042
VITAMIN E	map07047
VITAMIN K	map07047
VITAMIN K 1	map07047
VITAMIN K 2	map07047
VORICONAZOLE	map07026
WARFARIN	map07049
WESTCORT	map07225
YELLOW FEVER VACCINE	map07044
ZAFIRLUKAST	map07034
ZAFIRLUKAST	map07228
ZALCITABINE	map07044
ZALCITABINE	map07053
ZALEPLON	map07032
ZANAMIVIR	map07044
ZIDOVUDINE	map07044
ZIDOVUDINE	map07053
ZOLEDRONIC	map07047
ZOLEDRONIC ACID	map07047
ZOLMITRIPTAN	map07048
ZOLMITRIPTAN	map07211
ZOLPIDEM	map07032
ZOLPIDEM	map07230
ZONISAMIDE	map07033
ZONISAMIDE	map07057
ZONISAMIDE	map07231
ZOPICLONE	map07032
ZOPICLONE	map07230
ZOTEPINE	map07028
ZUCLOPENTHIXOL	map07028
ZYPREXA	map07117
ZYPREXA	map07211
ZYPREXA	map07213
